所在地,営業時間,定休日,TEL,店舗名,郵便番号,緯度,経度,IDg,cont_no,URL
石川県金沢市近岡町294-2,AM9:00〜PM9:00,1月1日のみ,076-239-4150,ゲンキー金沢近岡店,920-0217,36.6097831,136.63204,1,106,http://www.genky.co.jp/shop/cont.php?cont_no=106&g=1&ar=&page=0
石川県金沢市田上本町4丁目204番1,AM9:00〜PM9:00,1月1日のみ,076-234-5630,ゲンキー金沢田上店,920-1152,36.5401547,136.6927418,1,114,http://www.genky.co.jp/shop/cont.php?cont_no=114&g=1&ar=&page=0
石川県金沢市畝田西二丁目5番1,AM9:00〜PM9:00,1月1日のみ,076-268-8513,ゲンキー金沢畝田店,920-0342,36.5947389,136.607416,1,120,http://www.genky.co.jp/shop/cont.php?cont_no=120&g=1&ar=&page=0
石川県加賀市山代温泉35-18,AM9:00〜PM9:00,1月1日のみ,0761-76-9290,ゲンキー山代北口店,922-0242,36.299651,136.357195,1,188,http://www.genky.co.jp/shop/cont.php?cont_no=188&g=1&ar=&page=0
石川県野々市市押野6丁目48番地,AM9:00〜PM9:00,1月1日のみ,076-220-7160,ゲンキー押野北店,921-8802,36.5458821,136.6168035,1,199,http://www.genky.co.jp/shop/cont.php?cont_no=199&g=1&ar=&page=0
石川県小松市白江町ト1番1,AM9:00〜PM9:00,1月1日のみ,0761-21-3820,ゲンキー白江店,923-0811,36.4104833,136.4668196,1,310,http://www.genky.co.jp/shop/cont.php?cont_no=310&g=1&ar=&page=0
石川県白山市千代野東5丁目1番1,AM9:00〜PM9:00,1月1日のみ,076-275-1180,ゲンキー千代野中店,924-0073,36.5226947,136.5439664,1,311,http://www.genky.co.jp/shop/cont.php?cont_no=311&g=1&ar=&page=0
石川県加賀市片山津町巳64,AM9:00〜PM9:00,1月1日のみ,0761-76-5202,ゲンキー片山津店,922-0414,36.3417099,136.360906,1,316,http://www.genky.co.jp/shop/cont.php?cont_no=316&g=1&ar=&page=0
石川県河北郡津幡町字浅田丙15-1,AM9:00〜PM9:00,1月1日のみ,076-256-1680,ゲンキー横浜店,929-0324,36.6644772,136.7349794,1,318,http://www.genky.co.jp/shop/cont.php?cont_no=318&g=1&ar=&page=0
石川県能美市寺井町れ156番地,AM9:00〜PM9:00,1月1日のみ,0761-58-2720,ゲンキー寺井南店,923-1121,36.4353087,136.4928118,1,329,http://www.genky.co.jp/shop/cont.php?cont_no=329&g=1&ar=&page=0
石川県白山市月橋町364番地,AM9:00〜PM9:00,1月1日のみ,076-259-0144,ゲンキー鶴来月橋店,920-2104,36.4622128,136.6213466,1,345,http://www.genky.co.jp/shop/cont.php?cont_no=345&g=1&ar=&page=0
石川県金沢市南森本町ニ29番1,AM9:00〜PM9:00,1月1日のみ,076-254-1261,ゲンキー福久東店,920-3116,36.6190583,136.6870853,1,350,http://www.genky.co.jp/shop/cont.php?cont_no=350&g=1&ar=&page=0
石川県小松市符津町ム30,AM9:00〜PM9:00,1月1日のみ,0761-46-5090,ゲンキー符津店,923-0302,36.3599481,136.4289996,1,360,http://www.genky.co.jp/shop/cont.php?cont_no=360&g=1&ar=&page=0
石川県小松市八幡209,AM9:00〜PM9:00,1月1日のみ,076-146-5960,ゲンキー八幡西店,923-0833,36.3996193,136.4859304,1,393,http://www.genky.co.jp/shop/cont.php?cont_no=393&g=1&ar=&page=0
石川県金沢市米泉町10-1-166,AM9:00〜PM9:00,1月1日のみ,076-255-7820,ゲンキー西金沢駅北店,921-8044,36.5546556,136.6206557,1,398,http://www.genky.co.jp/shop/cont.php?cont_no=398&g=1&ar=&page=0
石川県野々市市藤平田2丁目3,AM9:00〜PM9:00,1月1日のみ,076-287-3510,ゲンキー藤平田店,921-8832,36.5206372,136.6081059,1,405,http://www.genky.co.jp/shop/cont.php?cont_no=405&g=1&ar=&page=0
石川県野々市市新庄二丁目802番,AM9:00〜PM9:00,1月1日のみ,076-220-6320,ゲンキー新庄店,921-8824,36.5013068,136.6077803,1,427,http://www.genky.co.jp/shop/cont.php?cont_no=427&g=1&ar=&page=0
石川県小松市長崎町二丁目78番,AM9:00〜PM9:00,1月1日のみ,0761-48-4920,ゲンキー小松長崎店,923-0004,36.424437,136.435709,1,441,http://www.genky.co.jp/shop/cont.php?cont_no=441&g=1&ar=&page=0
石川県加賀市山中温泉塚谷町二29番,AM9:00〜PM9:00,1月1日のみ,0761-75-7560,ゲンキー山中店,922-0111,36.2590691,136.3670605,1,447,http://www.genky.co.jp/shop/cont.php?cont_no=447&g=1&ar=&page=0
石川県能美市倉重町16番,AM9:00〜PM9:00,1月1日のみ,0761-48-4930,ゲンキー倉重店,923-1246,36.4522533,136.5453856,1,466,http://www.genky.co.jp/shop/cont.php?cont_no=466&g=1&ar=&page=0
石川県河北郡津幡町字太田は80番1,AM9:00〜PM9:00,1月1日のみ,076-255-6420,ゲンキー条南小学校北店,929-0345,36.654639,136.719583,1,471,http://www.genky.co.jp/shop/cont.php?cont_no=471&g=1&ar=&page=1
石川県羽咋郡宝達志水町小川弐152番,AM9:00〜PM9:00,1月1日のみ,0767-23-4720,ゲンキー押水店,929-1343,36.820028,136.757972,1,474,http://www.genky.co.jp/shop/cont.php?cont_no=474&g=1&ar=&page=1
石川県羽咋郡宝達志水町荻市い5番1,AM9:00〜PM9:00,1月1日のみ,0767-23-4470,ゲンキー志雄店,929-1426,36.861556,136.788389,1,475,http://www.genky.co.jp/shop/cont.php?cont_no=475&g=1&ar=&page=1
石川県鹿島郡中能登町金丸462番,AM9:00〜PM9:00,1月1日のみ,0767-72-2026,ゲンキー中能登金丸店,929-1521,36.951528,136.849694,1,476,http://www.genky.co.jp/shop/cont.php?cont_no=476&g=1&ar=&page=1
石川県七尾市光陽台34番2,AM9:00〜PM9:00,1月1日のみ,0767-58-6130,ゲンキー光陽台店,926-0177,37.083194,136.924861,1,477,http://www.genky.co.jp/shop/cont.php?cont_no=477&g=1&ar=&page=1
石川県七尾市万行町1街区1番,AM9:00〜PM9:00,1月1日のみ,0767-58-3240,ゲンキー万行町店,926-0012,37.045778,136.9835,1,479,http://www.genky.co.jp/shop/cont.php?cont_no=479&g=1&ar=&page=1
石川県七尾市中島町崎山弐23番,AM9:00〜PM9:00,1月1日のみ,0767-66-6015,ゲンキー七尾中島店,929-2242,37.106111,136.850667,1,480,http://www.genky.co.jp/shop/cont.php?cont_no=480&g=1&ar=&page=1
石川県羽咋市三ツ屋町ホ11-1,AM9:00〜PM9:00,1月1日のみ,0767-23-4320,ゲンキー羽咋太田店,925-0025,36.895278,136.805167,1,486,http://www.genky.co.jp/shop/cont.php?cont_no=486&g=1&ar=&page=1
石川県羽咋市西釜屋町ヰ155-7,AM9:00〜PM9:00,1月1日のみ,0767-23-4390,ゲンキー釜屋店,925-0017,36.906417,136.776194,1,487,http://www.genky.co.jp/shop/cont.php?cont_no=487&g=1&ar=&page=1
福井県福井市大和田町29字47,AM9:00〜PM9:00,1月1日のみ,0776-57-1560,ゲンキー福井大和田店,910-0802,36.094848,136.252822,2,102,http://www.genky.co.jp/shop/cont.php?cont_no=102&g=2&ar=&page=0
福井県鯖江市下河端町15-1-1,AM9:00〜PM9:00,1月1日のみ,0778-53-2020,ゲンキー東鯖江店,916-0038,35.9672644,136.1888013,2,110,http://www.genky.co.jp/shop/cont.php?cont_no=110&g=2&ar=&page=0
福井県坂井市三国町楽円58-10-1,AM9:00〜PM9:00,1月1日のみ,0776-82-7161,ゲンキー三国店,913-0021,36.2046027,136.1621108,2,112,http://www.genky.co.jp/shop/cont.php?cont_no=112&g=2&ar=&page=0
福井県越前市新保町4-10-1,AM9:00〜PM9:00,1月1日のみ,0778-25-5630,ゲンキー武生西店,915-0804,35.9159835,136.1545077,2,113,http://www.genky.co.jp/shop/cont.php?cont_no=113&g=2&ar=&page=0
福井県鯖江市小黒町3-1-26,AM9:00〜PM9:00,1月1日のみ,0778-54-7320,ゲンキー鯖江西店,916-0028,35.9548546,136.1751941,2,115,http://www.genky.co.jp/shop/cont.php?cont_no=115&g=2&ar=&page=0
福井県福井市若杉町34字51-1,AM9:00〜PM9:00,1月1日のみ,0776-32-6020,ゲンキー福井若杉店,918-8055,36.0564665,136.1780678,2,117,http://www.genky.co.jp/shop/cont.php?cont_no=117&g=2&ar=&page=0
福井県坂井市春江町随応寺23字6番1,AM9:00〜PM9:00,1月1日のみ,0776-51-6601,ゲンキー春江店,919-0413,36.1346899,136.2218739,2,119,http://www.genky.co.jp/shop/cont.php?cont_no=119&g=2&ar=&page=0
福井県大野市鍬掛20字9番2,AM9:00〜PM9:00,1月1日のみ,0779-64-4290,ゲンキー大野店,912-0071,35.9733288,136.4819245,2,121,http://www.genky.co.jp/shop/cont.php?cont_no=121&g=2&ar=&page=0
福井県坂井市丸岡町高柳9-5,AM9:00〜PM9:00,1月1日のみ,0776-67-4840,ゲンキー丸岡店,910-0373,36.1309736,136.25974,2,125,http://www.genky.co.jp/shop/cont.php?cont_no=125&g=2&ar=&page=0
福井県勝山市荒土町新保7-211,AM9:00〜PM9:00,1月1日のみ,0779-89-7031,ゲンキー荒土店,911-0043,36.0750573,136.4798565,2,128,http://www.genky.co.jp/shop/cont.php?cont_no=128&g=2&ar=&page=0
福井県敦賀市古田刈28号1-1,AM9:00〜PM9:00,1月1日のみ,0770-21-6330,ゲンキー敦賀店,914-0045,35.6337163,136.0618057,2,129,http://www.genky.co.jp/shop/cont.php?cont_no=129&g=2&ar=&page=0
福井県越前市瓜生町41-11番,AM9:00〜PM9:00,1月1日のみ,0778-25-5030,ゲンキーサンドーム店,915-0096,35.9239104,136.1892683,2,132,http://www.genky.co.jp/shop/cont.php?cont_no=132&g=2&ar=&page=0
福井県福井市新田塚2丁目2100番,AM9:00〜PM9:00,1月1日のみ,0776-30-1070,ゲンキー福井新田塚店,910-0067,36.088117,136.199844,2,133,http://www.genky.co.jp/shop/cont.php?cont_no=133&g=2&ar=&page=0
福井県あわら市北金津58字1-1,AM9:00〜PM9:00,1月1日のみ,0776-73-5780,ゲンキー金津店,919-0634,36.2167355,136.2186651,2,141,http://www.genky.co.jp/shop/cont.php?cont_no=141&g=2&ar=&page=0
福井県敦賀市木崎17-14,AM9:00〜PM9:00,1月1日のみ,0770-21-1360,ゲンキー敦賀木崎店,914-0814,35.642311,136.049728,2,148,http://www.genky.co.jp/shop/cont.php?cont_no=148&g=2&ar=&page=0
福井県越前市四郎丸町48字18-1,AM9:00〜PM9:00,1月1日のみ,0778-21-5860,ゲンキー王子保店,915-0857,35.872082,136.1670698,2,151,http://www.genky.co.jp/shop/cont.php?cont_no=151&g=2&ar=&page=0
福井県勝山市旭町2丁目539,AM9:00〜PM9:00,1月1日のみ,0779-87-3620,ゲンキー旭町店,911-0803,36.0547653,136.5114535,2,152,http://www.genky.co.jp/shop/cont.php?cont_no=152&g=2&ar=&page=0
福井県鯖江市杉本町21字11-1,AM9:00〜PM9:00,1月1日のみ,0778-53-0680,ゲンキー立待店,916-0005,35.9808129,136.1671391,2,153,http://www.genky.co.jp/shop/cont.php?cont_no=153&g=2&ar=&page=0
福井県福井市勝見3丁目20-19,AM9:00〜PM9:00,1月1日のみ,0776-23-1860,ゲンキー勝見店,910-0856,36.053027,136.233696,2,154,http://www.genky.co.jp/shop/cont.php?cont_no=154&g=2&ar=&page=0
福井県大野市東中野1-511,AM9:00〜PM9:00,1月1日のみ,0779-64-4220,ゲンキー陽明店,912-0017,35.9972005,136.4985478,2,157,http://www.genky.co.jp/shop/cont.php?cont_no=157&g=2&ar=&page=0
福井県小浜市駅前町15-10-2,AM9:00〜PM9:00,1月1日のみ,0770-53-2760,ゲンキー小浜店,917-0077,35.4911286,135.7503272,2,159,http://www.genky.co.jp/shop/cont.php?cont_no=159&g=2&ar=&page=1
福井県福井市二の宮2-803-2,AM9:00〜PM9:00,1月1日のみ,0776-21-0260,ゲンキー福井二の宮店,910-0015,36.0847367,136.225164,2,160,http://www.genky.co.jp/shop/cont.php?cont_no=160&g=2&ar=&page=1
福井県三方郡美浜町佐柿59-6-1,AM9:00〜PM9:00,1月1日のみ,0770-32-2290,ゲンキー美浜店,919-1132,35.607443,135.951451,2,169,http://www.genky.co.jp/shop/cont.php?cont_no=169&g=2&ar=&page=1
福井県福井市飯塚町8-116-1,AM9:00〜PM9:00,1月1日のみ,0776-33-0280,ゲンキー飯塚店,918-8067,36.0650837,136.1851569,2,170,http://www.genky.co.jp/shop/cont.php?cont_no=170&g=2&ar=&page=1
福井県福井市石盛町13-19,AM9:00〜PM9:00,1月1日のみ,0776-56-3870,ゲンキー福井森田店,910-0122,36.1152222,136.2275076,2,172,http://www.genky.co.jp/shop/cont.php?cont_no=172&g=2&ar=&page=1
福井県福井市日光2-26-5,AM9:00〜PM9:00,1月1日のみ,0776-97-9030,ゲンキー日光店,910-0029,36.071267,136.1982987,2,176,http://www.genky.co.jp/shop/cont.php?cont_no=176&g=2&ar=&page=1
福井県鯖江市北野町11字23番,AM9:00〜PM9:00,1月1日のみ,0778-53-1670,ゲンキー鯖江北野店,916-0029,35.9634704,136.1743438,2,181,http://www.genky.co.jp/shop/cont.php?cont_no=181&g=2&ar=&page=1
福井県越前市西樫尾町3字10-1,AM9:00〜PM9:00,1月1日のみ,0778-42-6950,ゲンキー粟田部店,915-0244,35.9107919,136.2326015,2,182,http://www.genky.co.jp/shop/cont.php?cont_no=182&g=2&ar=&page=1
福井県あわら市舟津45字11-1,AM9:00〜PM9:00,1月1日のみ,0776-89-1960,ゲンキー舟津店,910-4105,36.2271168,136.1872034,2,184,http://www.genky.co.jp/shop/cont.php?cont_no=184&g=2&ar=&page=1
福井県越前市高瀬1丁目54番,AM9:00〜PM9:00,1月1日のみ,0778-22-2570,ゲンキー高瀬店,915-0832,35.896325,136.1557407,2,190,http://www.genky.co.jp/shop/cont.php?cont_no=190&g=2&ar=&page=1
福井県福井市南四ツ居1丁目10-16,AM9:00〜PM9:00,1月1日のみ,0776-54-3669,ゲンキー四ツ居店,918-8204,36.06275,136.245056,2,257,http://www.genky.co.jp/shop/cont.php?cont_no=257&g=2&ar=&page=1
福井県福井市文京6丁目1701番地,AM9:00〜PM9:00,1月1日のみ,0776-43-9830,ゲンキー文京店,910-0175,36.076157,136.2024408,2,307,http://www.genky.co.jp/shop/cont.php?cont_no=307&g=2&ar=&page=1
福井県越前市赤坂町5-1-2,AM9:00〜PM9:00,1月1日のみ,0778-43-5730,ゲンキー東陽店,915-0256,35.9482781,136.2458499,2,313,http://www.genky.co.jp/shop/cont.php?cont_no=313&g=2&ar=&page=1
福井県大飯郡高浜町薗部41字中奥田15番地,AM9:00〜PM9:00,1月1日のみ,0770-72-3670,ゲンキー薗部店,919-2224,35.4854081,135.5619749,2,314,http://www.genky.co.jp/shop/cont.php?cont_no=314&g=2&ar=&page=1
福井県福井市木田3丁目923番地,AM9:00〜PM9:00,1月1日のみ,0776-89-1390,ゲンキー木田店,918-8105,36.0446977,136.2234196,2,325,http://www.genky.co.jp/shop/cont.php?cont_no=325&g=2&ar=&page=1
福井県福井市高木中央1丁目1304番地,AM9:00〜PM9:00,1月1日のみ,0776-43-1580,ゲンキー高木中央店,910-0804,36.0892595,136.2315311,2,328,http://www.genky.co.jp/shop/cont.php?cont_no=328&g=2&ar=&page=1
福井県福井市志比口1丁目127番地,AM9:00〜PM9:00,1月1日のみ,0776-97-9860,ゲンキー志比口店,910-0845,36.0695579,136.2329881,2,333,http://www.genky.co.jp/shop/cont.php?cont_no=333&g=2&ar=&page=1
福井県福井市西谷2丁目2016番地,AM9:00〜PM9:00,1月1日のみ,0776-50-2012,ゲンキー西谷店,918-8023,36.0389674,136.2022626,2,334,http://www.genky.co.jp/shop/cont.php?cont_no=334&g=2&ar=&page=1
福井県福井市御所垣内町15字4-1,AM9:00〜PM9:00,1月1日のみ,0776-63-6173,ゲンキー川西バイパス店,910-3112,36.127611,136.168205,2,336,http://www.genky.co.jp/shop/cont.php?cont_no=336&g=2&ar=&page=1
福井県吉田郡永平寺町東古市15-34-1,AM9:00〜PM9:00,1月1日のみ,0776-63-1280,ゲンキー東古市店,910-1212,36.0994464,136.3253579,2,343,http://www.genky.co.jp/shop/cont.php?cont_no=343&g=2&ar=&page=1
福井県大野市若杉町216番,AM9:00〜PM9:00,1月1日のみ,0779-64-5240,ゲンキーこぶし通り店,912-0045,35.9767025,136.4998873,2,347,http://www.genky.co.jp/shop/cont.php?cont_no=347&g=2&ar=&page=2
福井県敦賀市清水町2丁目17−5,AM9:00〜PM9:00,1月1日のみ,0770-47-6980,ゲンキー敦賀駅前店,914-0052,35.6493848,136.0746429,2,363,http://www.genky.co.jp/shop/cont.php?cont_no=363&g=2&ar=&page=2
福井県吉田郡永平寺町松岡室33字上坂竹1番1,AM9:00〜PM9:00,1月1日のみ,0776-61-1070,ゲンキー松岡店,910-1135,36.0891382,136.2882238,2,365,http://www.genky.co.jp/shop/cont.php?cont_no=365&g=2&ar=&page=2
福井県越前市国高1丁目1番2,AM9:00〜PM9:00,1月1日のみ,0778-42-6410,ゲンキー国高店,915-0082,35.9084882,136.1849208,2,372,http://www.genky.co.jp/shop/cont.php?cont_no=372&g=2&ar=&page=2
福井県丹生郡越前町中10−5−1,AM9:00〜PM9:00,1月1日のみ,0778-42-8120,ゲンキー織田店,916-0204,35.9614724,136.0520882,2,385,http://www.genky.co.jp/shop/cont.php?cont_no=385&g=2&ar=&page=2
福井県越前市上太田町24-6-6,AM9:00〜PM9:00,1月1日のみ,0778-42-7940,ゲンキー上太田店,915-0882,35.9070731,136.1464529,2,392,http://www.genky.co.jp/shop/cont.php?cont_no=392&g=2&ar=&page=2
福井県福井市種池1丁目2107,AM9:00〜PM9:00,1月1日のみ,0776-97-6550,ゲンキー種池店,918-8031,36.0368942,136.1875809,2,402,http://www.genky.co.jp/shop/cont.php?cont_no=402&g=2&ar=&page=2
福井県坂井市坂井町下新庄19-10-5,AM9:00〜PM9:00,1月1日のみ,0776-43-9490,ゲンキー坂井店,919-0521,36.1671256,136.2226732,2,404,http://www.genky.co.jp/shop/cont.php?cont_no=404&g=2&ar=&page=2
福井県坂井市三国町覚善10-83-13,AM9:00〜PM9:00,1月1日のみ,0776-89-1470,ゲンキー覚善店,913-0041,36.2225173,136.1609285,2,409,http://www.genky.co.jp/shop/cont.php?cont_no=409&g=2&ar=&page=2
福井県坂井市丸岡町猪爪5丁目110,AM9:00〜PM9:00,1月1日のみ,0776-88-0080,ゲンキー猪爪店,910-0303,36.1451795,136.2756708,2,410,http://www.genky.co.jp/shop/cont.php?cont_no=410&g=2&ar=&page=2
福井県三方上中郡若狭町鳥浜55-34-3,AM9:00〜PM9:00,1月1日のみ,0770-45-2160,ゲンキー梅街道店,919-1331,35.555878,135.9023407,2,411,http://www.genky.co.jp/shop/cont.php?cont_no=411&g=2&ar=&page=2
福井県福井市寺前町101,AM9:00〜PM9:00,1月1日のみ,0776-97-9490,ゲンキー中藤店,910-0801,36.0987575,136.2438842,2,415,http://www.genky.co.jp/shop/cont.php?cont_no=415&g=2&ar=&page=2
福井県大飯郡おおい町成海1-18-1,AM9:00〜PM9:00,1月1日のみ,0770-59-1251,ゲンキーうみんぴあ店,919-2107,35.4790005,135.6322434,2,418,http://www.genky.co.jp/shop/cont.php?cont_no=418&g=2&ar=&page=2
福井県福井市文京一丁目104,AM9:00〜PM9:00,1月1日のみ,0776-97-5960,ゲンキーまつもと町屋店,910-0017,36.0756804,136.224706,2,421,http://www.genky.co.jp/shop/cont.php?cont_no=421&g=2&ar=&page=2
福井県小浜市水取三丁目7-17,AM9:00〜PM9:00,1月1日のみ,0770-64-5770,ゲンキーこうのとり大橋北店,917-0093,35.5042143,135.7537516,2,429,http://www.genky.co.jp/shop/cont.php?cont_no=429&g=2&ar=&page=2
福井県今立郡池田町稲荷26-35,AM9:00〜PM9:00,1月1日のみ,0778-44-6710,ゲンキー池田稲荷店,910-2512,35.8907404,136.3433536,2,430,http://www.genky.co.jp/shop/cont.php?cont_no=430&g=2&ar=&page=2
福井県南条郡南越前町東大道60-1,AM9:00〜PM9:00,1月1日のみ,0778-47-3250,ゲンキー南条店,919-0223,35.8377444,136.1926813,2,434,http://www.genky.co.jp/shop/cont.php?cont_no=434&g=2&ar=&page=2
福井県坂井市丸岡町栄二丁目404番,AM9:00〜PM9:00,1月1日のみ,0776-63-6990,ゲンキー丸岡栄店,910-0262,36.159324,136.2696374,2,451,http://www.genky.co.jp/shop/cont.php?cont_no=451&g=2&ar=&page=2
福井県福井市今市町35番,AM9:00〜PM9:00,1月1日のみ,0776-97-5610,ゲンキー浅水店,918-8152,36.010266,136.2029292,2,452,http://www.genky.co.jp/shop/cont.php?cont_no=452&g=2&ar=&page=2
福井県大飯郡高浜町鐘寄第17号1番地1,AM9:00〜PM9:00,1月1日のみ,0770-72-5880,ゲンキー中寄店,919-2212,35.4885006,135.534236,2,454,http://www.genky.co.jp/shop/cont.php?cont_no=454&g=2&ar=&page=2
福井県大野市中野第3号33番地1,AM9:00〜PM9:00,1月1日のみ,0779-64-5230,ゲンキー大野中野店,912-0021,35.991276,136.4815834,2,459,http://www.genky.co.jp/shop/cont.php?cont_no=459&g=2&ar=&page=3
福井県小浜市口田縄第21号10番地,AM9:00〜PM9:00,1月1日のみ,0770-64-5970,ゲンキー口田縄店,917-0035,35.4559145,135.72039,2,467,http://www.genky.co.jp/shop/cont.php?cont_no=467&g=2&ar=&page=3
福井県坂井市春江町西長田40-46,AM9:00〜PM9:00,1月1日のみ,0776-97-6810,ゲンキー西長田店,919-0404,36.1568508,136.2013457,2,470,http://www.genky.co.jp/shop/cont.php?cont_no=470&g=2&ar=&page=3
福井県丹生郡越前町江波63号61番地,AM9:00〜PM9:00,1月1日のみ,0778-42-7140,ゲンキー宮崎江波店,916-0255,35.941944,136.072167,2,478,http://www.genky.co.jp/shop/cont.php?cont_no=478&g=2&ar=&page=3
岐阜県可児市坂戸字八幡806-1,AM9:00〜PM9:00,1月1日のみ,0574-60-5120,ゲンキー可児店,509-0241,35.4155173,137.0325355,3,107,http://www.genky.co.jp/shop/cont.php?cont_no=107&g=3&ar=&page=0
岐阜県美濃加茂市島町二丁目1378番地,AM9:00〜PM9:00,1月1日のみ,0574-24-7651,ゲンキー美濃太田店,505-0025,35.438957,137.028416,3,118,http://www.genky.co.jp/shop/cont.php?cont_no=118&g=3&ar=&page=0
岐阜県揖斐郡大野町大字黒野字小田町25-4,AM9:00〜PM9:00,1月1日のみ,0585-36-2501,ゲンキー岐阜大野店,501-0521,35.4672142,136.6231743,3,122,http://www.genky.co.jp/shop/cont.php?cont_no=122&g=3&ar=&page=0
岐阜県多治見市宝町九丁目70,AM9:00〜PM9:00,1月1日のみ,0572-21-3811,ゲンキー多治見西店,507-0054,35.3421594,137.106265,3,123,http://www.genky.co.jp/shop/cont.php?cont_no=123&g=3&ar=&page=0
岐阜県可児市柿田字細池809‐1,AM9:00〜PM9:00,1月1日のみ,0574-60-5860,ゲンキー可児御嵩店,509-0212,35.4295555,137.0903541,3,126,http://www.genky.co.jp/shop/cont.php?cont_no=126&g=3&ar=&page=0
岐阜県美濃加茂市山手町2丁目32番,AM9:00〜PM9:00,1月1日のみ,0574-24-7750,ゲンキー美濃加茂店,505-0036,35.4524191,137.0151753,3,127,http://www.genky.co.jp/shop/cont.php?cont_no=127&g=3&ar=&page=0
岐阜県関市稲口286番2,AM9:00〜PM9:00,1月1日のみ,0575-21-7010,ゲンキー関稲口店,501-3932,35.472046,136.915926,3,130,http://www.genky.co.jp/shop/cont.php?cont_no=130&g=3&ar=&page=0
岐阜県関市下有知1666番,AM9:00〜PM9:00,1月1日のみ,0575-21-1101,ゲンキー関下有知店,501-3217,35.5230639,136.9065319,3,134,http://www.genky.co.jp/shop/cont.php?cont_no=134&g=3&ar=&page=0
岐阜県瑞浪市北小田町3丁目53番,AM9:00〜PM9:00,1月1日のみ,0572-66-4380,ゲンキー瑞浪店,509-6115,35.36014,137.242452,3,136,http://www.genky.co.jp/shop/cont.php?cont_no=136&g=3&ar=&page=0
岐阜県土岐市肥田町肥田2702番,AM9:00〜PM9:00,1月1日のみ,0572-53-1720,ゲンキー土岐肥田店,509-5115,35.3608311,137.2090179,3,138,http://www.genky.co.jp/shop/cont.php?cont_no=138&g=3&ar=&page=0
岐阜県不破郡垂井町表佐字番切4919番1,AM9:00〜PM9:00,1月1日のみ,0584-24-1170,ゲンキー綾戸店,503-2122,35.3669368,136.5568313,3,140,http://www.genky.co.jp/shop/cont.php?cont_no=140&g=3&ar=&page=0
岐阜県養老郡養老町高田2197番,AM9:00〜PM9:00,1月1日のみ,0584-33-0390,ゲンキー養老店,503-1314,35.303978,136.567393,3,142,http://www.genky.co.jp/shop/cont.php?cont_no=142&g=3&ar=&page=0
岐阜県揖斐郡池田町本郷字出口581-1,AM9:00〜PM9:00,1月1日のみ,0585-44-1530,ゲンキー池田店,503-2417,35.4490695,136.5715487,3,144,http://www.genky.co.jp/shop/cont.php?cont_no=144&g=3&ar=&page=0
岐阜県加茂郡富加町羽生2106-1,AM9:00〜PM9:00,1月1日のみ,0574-55-1370,ゲンキー富加店,501-3303,35.4737675,136.9838614,3,145,http://www.genky.co.jp/shop/cont.php?cont_no=145&g=3&ar=&page=0
岐阜県安八郡神戸町下宮3番1,AM9:00〜PM9:00,1月1日のみ,0584-28-2550,ゲンキー神戸店,503-2312,35.412205,136.609128,3,149,http://www.genky.co.jp/shop/cont.php?cont_no=149&g=3&ar=&page=0
岐阜県海津市海津町鹿野1271-1,AM9:00〜PM9:00,1月1日のみ,0584-52-1510,ゲンキー海津店,503-0608,35.2225064,136.6493582,3,156,http://www.genky.co.jp/shop/cont.php?cont_no=156&g=3&ar=&page=0
岐阜県安八郡輪之内町四郷208,AM9:00〜PM9:00,1月1日のみ,0584-68-1280,ゲンキー輪之内店,503-0204,35.2913446,136.6482681,3,158,http://www.genky.co.jp/shop/cont.php?cont_no=158&g=3&ar=&page=0
岐阜県郡上市白鳥町向小駄良960-1,AM9:00〜PM9:00,1月1日のみ,0575-83-1730,ゲンキー郡上白鳥店,501-5126,35.8876259,136.8531141,3,161,http://www.genky.co.jp/shop/cont.php?cont_no=161&g=3&ar=&page=0
岐阜県可児市大森1352,AM9:00〜PM9:00,1月1日のみ,0574-56-0370,ゲンキー大森店,509-0238,35.393544,137.078869,3,162,http://www.genky.co.jp/shop/cont.php?cont_no=162&g=3&ar=&page=0
岐阜県美濃加茂市下米田町今174-1,AM9:00〜PM9:00,1月1日のみ,0574-24-7670,ゲンキー下米田店,505-0015,35.46104,137.061937,3,163,http://www.genky.co.jp/shop/cont.php?cont_no=163&g=3&ar=&page=0
岐阜県高山市国府町広瀬町1639-1,AM9:00〜PM9:00,1月1日のみ,0577-72-6410,ゲンキー高山国府店,509-4119,36.214972,137.208262,3,164,http://www.genky.co.jp/shop/cont.php?cont_no=164&g=3&ar=&page=1
岐阜県関市東新町6-314-1,AM9:00〜PM9:00,1月1日のみ,0575-21-5610,ゲンキー関 東新店,501-3824,35.48234,136.941954,3,165,http://www.genky.co.jp/shop/cont.php?cont_no=165&g=3&ar=&page=1
岐阜県不破郡関ケ原町関ケ原3691-1,AM9:00〜PM9:00,1月1日のみ,0584-41-1270,ゲンキー関ケ原店,503-1501,35.3641489,136.4822689,3,166,http://www.genky.co.jp/shop/cont.php?cont_no=166&g=3&ar=&page=1
岐阜県海津市南濃町吉田626-1,AM9:00〜PM9:00,1月1日のみ,0584-59-0730,ゲンキー南濃店,503-0536,35.1726904,136.6277096,3,167,http://www.genky.co.jp/shop/cont.php?cont_no=167&g=3&ar=&page=1
岐阜県瑞浪市稲津町小里1390-1,AM9:00〜PM9:00,1月1日のみ,0572-66-1920,ゲンキー瑞浪稲津店,509-6103,35.3528573,137.2728489,3,168,http://www.genky.co.jp/shop/cont.php?cont_no=168&g=3&ar=&page=1
岐阜県岐阜市西明見町27,AM9:00〜PM9:00,1月1日のみ,058-215-0650,ゲンキー加納城南店,500-8444,35.3972515,136.76226,3,171,http://www.genky.co.jp/shop/cont.php?cont_no=171&g=3&ar=&page=1
岐阜県高山市三福寺町264,AM9:00〜PM9:00,1月1日のみ,0577-62-9780,ゲンキー高山三福寺店,506-0807,36.1511348,137.2641831,3,174,http://www.genky.co.jp/shop/cont.php?cont_no=174&g=3&ar=&page=1
岐阜県郡上市八幡町稲成1009,AM9:00〜PM9:00,1月1日のみ,0575-66-1730,ゲンキー郡上八幡店,501-4223,35.7311257,136.9548055,3,175,http://www.genky.co.jp/shop/cont.php?cont_no=175&g=3&ar=&page=1
岐阜県本巣市曽井中島1532-1,AM9:00〜PM9:00,1月1日のみ,0581-34-8090,ゲンキー文殊店,501-1205,35.4809738,136.673995,3,177,http://www.genky.co.jp/shop/cont.php?cont_no=177&g=3&ar=&page=1
岐阜県本巣市小柿1056,AM9:00〜PM9:00,1月1日のみ,058-322-2590,ゲンキー本巣小柿店,501-0463,35.4249491,136.6812721,3,178,http://www.genky.co.jp/shop/cont.php?cont_no=178&g=3&ar=&page=1
岐阜県瑞穂市田之上238番1,AM9:00〜PM9:00,1月1日のみ,058-328-7270,ゲンキー田之上店,501-0304,35.4121656,136.6508341,3,180,http://www.genky.co.jp/shop/cont.php?cont_no=180&g=3&ar=&page=1
岐阜県下呂市金山町金山1887,AM9:00〜PM9:00,1月1日のみ,0576-34-0760,ゲンキー金山店,509-1622,35.661823,137.155728,3,183,http://www.genky.co.jp/shop/cont.php?cont_no=183&g=3&ar=&page=1
岐阜県岐阜市西鶉1丁目46番1,AM9:00〜PM9:00,1月1日のみ,058-215-8130,ゲンキー中鶉店,500-8286,35.3838418,136.7282388,3,185,http://www.genky.co.jp/shop/cont.php?cont_no=185&g=3&ar=&page=1
岐阜県関市広見120番,AM9:00〜PM9:00,1月1日のみ,0575-29-6200,ゲンキー広見店,501-3263,35.5145976,136.8607892,3,186,http://www.genky.co.jp/shop/cont.php?cont_no=186&g=3&ar=&page=1
岐阜県土岐市下石町字上橋詰1905番,AM9:00〜PM9:00,1月1日のみ,0572-58-2870,ゲンキー山神店,509-5202,35.3233137,137.2028507,3,191,http://www.genky.co.jp/shop/cont.php?cont_no=191&g=3&ar=&page=1
岐阜県中津川市苗木7508番,AM9:00〜PM9:00,1月1日のみ,0573-62-1080,ゲンキー苗木店,508-0101,35.522764,137.4753435,3,192,http://www.genky.co.jp/shop/cont.php?cont_no=192&g=3&ar=&page=1
岐阜県岐阜市粟野西3丁目67-1,AM9:00〜PM9:00,1月1日のみ,058-215-9550,ゲンキー岩野田店,502-0006,35.522764,137.4753435,3,193,http://www.genky.co.jp/shop/cont.php?cont_no=193&g=3&ar=&page=1
岐阜県揖斐郡揖斐川町上南方字松原184番地,AM9:00〜PM9:00,1月1日のみ,0585-52-9220,ゲンキー揖斐南方店,501-0603,35.4897725,136.5640478,3,194,http://www.genky.co.jp/shop/cont.php?cont_no=194&g=3&ar=&page=1
岐阜県各務原市那加土山町2丁目165番地,AM9:00〜PM9:00,1月1日のみ,058-372-2070,ゲンキー土山店,504-0041,35.412131,136.819159,3,195,http://www.genky.co.jp/shop/cont.php?cont_no=195&g=3&ar=&page=1
岐阜県各務原市那加前洞新町4丁目178番地,AM9:00〜PM9:00,1月1日のみ,058-372-2710,ゲンキーいちょう通り前洞新町店,504-0021,35.407118,136.8419064,3,196,http://www.genky.co.jp/shop/cont.php?cont_no=196&g=3&ar=&page=1
岐阜県羽島市正木町曲利1402,AM9:00〜PM9:00,1月1日のみ,058-322-8410,ゲンキー曲利東店,501-6227,35.3239671,136.7215014,3,198,http://www.genky.co.jp/shop/cont.php?cont_no=198&g=3&ar=&page=2
岐阜県可児市下恵土1930番1,AM9:00〜PM9:00,1月1日のみ,0574-42-8152,ゲンキー鳥屋場橋西店,509-0203,35.4151678,137.0537738,3,201,http://www.genky.co.jp/shop/cont.php?cont_no=201&g=3&ar=&page=2
岐阜県多治見市笠原町字向島2455番421,AM9:00〜PM9:00,1月1日のみ,0572-26-9410,ゲンキー滝呂台店,507-0901,35.3138112,137.1614937,3,301,http://www.genky.co.jp/shop/cont.php?cont_no=301&g=3&ar=&page=2
岐阜県羽島郡笠松町田代1164番1,AM9:00〜PM9:00,1月1日のみ,058-322-4560,ゲンキー田代若宮店,501-6062,35.3629055,136.7451951,3,302,http://www.genky.co.jp/shop/cont.php?cont_no=302&g=3&ar=&page=2
岐阜県可児市土田字富士ノ井5500番地,AM9:00〜PM9:00,1月1日のみ,0574-48-8091,ゲンキー土田店,509-0206,35.4275359,137.0221332,3,309,http://www.genky.co.jp/shop/cont.php?cont_no=309&g=3&ar=&page=2
岐阜県岐阜市溝口上105番地,AM9:00〜PM9:00,1月1日のみ,058-215-1890,ゲンキー岐関大橋西店,501-2557,35.4798398,136.8345586,3,312,http://www.genky.co.jp/shop/cont.php?cont_no=312&g=3&ar=&page=2
岐阜県岐阜市太郎丸北郷253番地,AM9:00〜PM9:00,1月1日のみ,058-214-8420,ゲンキー太郎丸北郷店,501-2572,35.49245,136.8127578,3,315,http://www.genky.co.jp/shop/cont.php?cont_no=315&g=3&ar=&page=2
岐阜県美濃市曽代225-77,AM9:00〜PM9:00,1月1日のみ,0575-46-7630,ゲンキー曽代店,501-3714,35.5572708,136.9139344,3,317,http://www.genky.co.jp/shop/cont.php?cont_no=317&g=3&ar=&page=2
岐阜県岐阜市長良井田58番地,AM9:00〜PM9:00,1月1日のみ,058-213-7520,ゲンキー長良公園北店,502-0054,35.4491187,136.7836047,3,319,http://www.genky.co.jp/shop/cont.php?cont_no=319&g=3&ar=&page=2
岐阜県大垣市東前4丁目24-2,AM9:00〜PM9:00,1月1日のみ,0584-47-7320,ゲンキー東前店,503-0835,35.3467818,136.6366514,3,320,http://www.genky.co.jp/shop/cont.php?cont_no=320&g=3&ar=&page=2
岐阜県大垣市万石3丁目70番地,AM9:00〜PM9:00,1月1日のみ,0584-71-6120,ゲンキー万石店,503-0812,35.3610635,136.648483,3,321,http://www.genky.co.jp/shop/cont.php?cont_no=321&g=3&ar=&page=2
岐阜県本巣郡北方町栄町2丁目120番地,AM9:00〜PM9:00,1月1日のみ,058-322-6870,ゲンキー北方中央店,501-0425,35.4409604,136.6845979,3,322,http://www.genky.co.jp/shop/cont.php?cont_no=322&g=3&ar=&page=2
岐阜県岐阜市折立字野寄338-2,AM9:00〜PM9:00,1月1日のみ,058-215-7130,ゲンキー折立店,501-1132,35.4574161,136.7355156,3,323,http://www.genky.co.jp/shop/cont.php?cont_no=323&g=3&ar=&page=2
岐阜県岐阜市旦島3丁目1番16号,AM9:00〜PM9:00,1月1日のみ,058-214-3870,ゲンキー旦島3丁目店,502-0926,35.4310556,136.7208808,3,324,http://www.genky.co.jp/shop/cont.php?cont_no=324&g=3&ar=&page=2
岐阜県各務原市蘇原花園町二丁目34番2,AM9:00〜PM9:00,1月1日のみ,058-322-3310,ゲンキー花園店,504-0832,35.4106754,136.8487743,3,327,http://www.genky.co.jp/shop/cont.php?cont_no=327&g=3&ar=&page=2
岐阜県多治見市弁天町2丁目44番1,AM9:00〜PM9:00,1月1日のみ,0572-44-7260,ゲンキー弁天町店,507-0028,35.3395771,137.1289058,3,335,http://www.genky.co.jp/shop/cont.php?cont_no=335&g=3&ar=&page=2
岐阜県不破郡垂井町字追分2308番1,AM9:00〜PM9:00,1月1日のみ,0584-71-6920,ゲンキー垂井中央店,503-2100,35.3734574,136.5337921,3,337,http://www.genky.co.jp/shop/cont.php?cont_no=337&g=3&ar=&page=2
岐阜県多治見市下沢町3丁目13番1,AM9:00〜PM9:00,1月1日のみ,0572-44-7830,ゲンキー下沢店,507-0812,35.3261838,137.1515699,3,339,http://www.genky.co.jp/shop/cont.php?cont_no=339&g=3&ar=&page=2
岐阜県各務原市大野町1丁目137番1,AM9:00〜PM9:00,1月1日のみ,058-322-5370,ゲンキー各務原インター南店,504-0934,35.3888013,136.8171316,3,340,http://www.genky.co.jp/shop/cont.php?cont_no=340&g=3&ar=&page=2
岐阜県大垣市中野町3丁目53番地,AM9:00〜PM9:00,1月1日のみ,0584-71-6840,ゲンキー中野店,503-0022,35.3830141,136.6076279,3,344,http://www.genky.co.jp/shop/cont.php?cont_no=344&g=3&ar=&page=2
岐阜県羽島郡笠松町円城寺字川田360番地,AM9:00〜PM9:00,1月1日のみ,058-322-5990,ゲンキー円城寺西店,501-6035,35.3767676,136.7803054,3,346,http://www.genky.co.jp/shop/cont.php?cont_no=346&g=3&ar=&page=3
岐阜県多治見市小名田町1丁目100番,AM9:00〜PM9:00,1月1日のみ,0572-44-9388,ゲンキー小名田1丁目店,507-0004,35.3606386,137.1291759,3,351,http://www.genky.co.jp/shop/cont.php?cont_no=351&g=3&ar=&page=3
岐阜県多治見市大畑町2丁目103番3,AM9:00〜PM9:00,1月1日のみ,0572−26−8610,ゲンキー大畑町店,507-0818,35.3191336,137.1294644,3,352,http://www.genky.co.jp/shop/cont.php?cont_no=352&g=3&ar=&page=3
岐阜県羽島郡岐南町徳田4丁目20番1,AM9:00〜PM9:00,1月1日のみ,058-215-5890,ゲンキー徳田店,501-6016,35.383371,136.7735778,3,353,http://www.genky.co.jp/shop/cont.php?cont_no=353&g=3&ar=&page=3
岐阜県可児郡御嵩町上恵土字東田563番,AM9:00〜PM9:00,1月1日のみ,0574-48-8390,ゲンキー上恵土店,505-0126,35.4372177,137.0784072,3,354,http://www.genky.co.jp/shop/cont.php?cont_no=354&g=3&ar=&page=3
岐阜県岐阜市芥見堀田6番,AM9:00〜PM9:00,1月1日のみ,058-215-6134,ゲンキー下芥見店,501-3147,35.4438676,136.8392161,3,355,http://www.genky.co.jp/shop/cont.php?cont_no=355&g=3&ar=&page=3
岐阜県各務原市蘇原新栄町1丁目22番,AM9:00〜PM9:00,1月1日のみ,058-372-6610,ゲンキー蘇原新栄町店,504-0855,35.4438676,136.8392161,3,356,http://www.genky.co.jp/shop/cont.php?cont_no=356&g=3&ar=&page=3
岐阜県恵那市大井町字舟山1122番8,AM9:00〜PM9:00,1月1日のみ,057-322-9420,ゲンキー大井舟山店,509-7201,35.4539225,137.4209702,3,358,http://www.genky.co.jp/shop/cont.php?cont_no=358&g=3&ar=&page=3
岐阜県各務原市蘇原六軒町,AM9:00〜PM9:00,1月1日のみ,058-322-6490,ゲンキー六軒町店,504-0905,35.4000709,136.8593654,3,359,http://www.genky.co.jp/shop/cont.php?cont_no=359&g=3&ar=&page=3
岐阜県加茂郡坂祝町酒倉字雲埋866番13,AM9:00〜PM9:00,1月1日のみ,057-448-8430,ゲンキー酒倉店,505-0074,35.4375171,136.9978727,3,361,http://www.genky.co.jp/shop/cont.php?cont_no=361&g=3&ar=&page=3
岐阜県恵那市岩村町飯羽間字大坪2372番1,AM9:00〜PM9:00,1月1日のみ,0573-43-2330,ゲンキー岩村店,509-7403,35.3782308,137.431634,3,364,http://www.genky.co.jp/shop/cont.php?cont_no=364&g=3&ar=&page=3
岐阜県中津川市茄子川字坂本1534番16,AM9:00〜PM9:00,1月1日のみ,0573-67-8460,ゲンキー深沢店,509-9132,35.4683515,137.460148,3,366,http://www.genky.co.jp/shop/cont.php?cont_no=366&g=3&ar=&page=3
岐阜県加茂郡川辺町上川辺字下松田1120番2,AM9:00〜PM9:00,1月1日のみ,0574-49-7680,ゲンキー川辺店,509-0302,35.5085562,137.0810338,3,367,http://www.genky.co.jp/shop/cont.php?cont_no=367&g=3&ar=&page=3
岐阜県岐阜市岩地2丁目1番9,AM9:00〜PM9:00,1月1日のみ,058-213-7540,ゲンキー岩地店,500-8225,35.4075589,136.8039687,3,368,http://www.genky.co.jp/shop/cont.php?cont_no=368&g=3&ar=&page=3
岐阜県加茂郡八百津町和知字鳥居前1921番,AM9:00〜PM9:00,1月1日のみ,057-442-9340,ゲンキー八百津店,505-0305,35.4713182,137.1073696,3,370,http://www.genky.co.jp/shop/cont.php?cont_no=370&g=3&ar=&page=3
岐阜県岐阜市上尻毛八幡57番1,AM9:00〜PM9:00,1月1日のみ,058-201-2370,ゲンキー上尻毛八幡店,501-1149,35.443671,136.7051112,3,371,http://www.genky.co.jp/shop/cont.php?cont_no=371&g=3&ar=&page=3
岐阜県本巣市春近188-1,AM9:00〜PM9:00,1月1日のみ,058-201-7260,ゲンキー糸貫五反田店,501-0404,35.4497466,136.6963621,3,373,http://www.genky.co.jp/shop/cont.php?cont_no=373&g=3&ar=&page=3
岐阜県羽島郡笠松町米野402,AM9:00〜PM9:00,1月1日のみ,058-372-4700,ゲンキー米野店,501-6031,35.3804187,136.8085606,3,374,http://www.genky.co.jp/shop/cont.php?cont_no=374&g=3&ar=&page=3
岐阜県恵那市長島町永田521-1,AM9:00〜PM9:00,1月1日のみ,057-322-9150,ゲンキー長島永田店,509-7204,35.446146,137.3995743,3,375,http://www.genky.co.jp/shop/cont.php?cont_no=375&g=3&ar=&page=3
岐阜県土岐市駄知町328-1,AM9:00〜PM9:00,1月1日のみ,057-244-8240,ゲンキー駄知店,509-5401,35.3295922,137.2363763,3,377,http://www.genky.co.jp/shop/cont.php?cont_no=377&g=3&ar=&page=3
岐阜県中津川市駒場442-4,AM9:00〜PM9:00,1月1日のみ,0573-67-9570,ゲンキー駒場店,508-0011,35.4906521,137.488923,3,379,http://www.genky.co.jp/shop/cont.php?cont_no=379&g=3&ar=&page=4
岐阜県岐阜市芥見町屋1丁目114,AM9:00〜PM9:00,1月1日のみ,058-201-5360,ゲンキー芥見町屋店,501-3116,35.4580144,136.8390459,3,381,http://www.genky.co.jp/shop/cont.php?cont_no=381&g=3&ar=&page=4
岐阜県羽島市竹鼻町蜂尻155-1,AM9:00〜PM9:00,1月1日のみ,058-325-8130,ゲンキー竹鼻蜂尻店,501-6235,35.3085378,136.713464,3,384,http://www.genky.co.jp/shop/cont.php?cont_no=384&g=3&ar=&page=4
岐阜県飛騨市古川町高野236-1,AM9:00〜PM9:00,1月1日のみ,0577-57-5070,ゲンキー古川高野店,509-4256,36.2352014,137.178365,3,388,http://www.genky.co.jp/shop/cont.php?cont_no=388&g=3&ar=&page=4
岐阜県高山市石浦町2丁目150,AM9:00〜PM9:00,1月1日のみ,0577-57-5520,ゲンキー石浦店,506-0825,36.2352014,137.178365,3,389,http://www.genky.co.jp/shop/cont.php?cont_no=389&g=3&ar=&page=4
岐阜県岐阜市清634-3,AM9:00〜PM9:00,1月1日のみ,058-201-0360,ゲンキー三里店,500-8346,35.4085167,136.7437897,3,394,http://www.genky.co.jp/shop/cont.php?cont_no=394&g=3&ar=&page=4
岐阜県大垣市林町1丁目192-1,AM9:00〜PM9:00,1月1日のみ,0584-84-4260,ゲンキー林町1丁目店,503-0015,35.3676749,136.6257744,3,397,http://www.genky.co.jp/shop/cont.php?cont_no=397&g=3&ar=&page=4
岐阜県下呂市萩原町上呂823,AM9:00〜PM9:00,1月1日のみ,0576-56-4330,ゲンキー萩原上呂店,509-2518,35.9089767,137.2035162,3,401,http://www.genky.co.jp/shop/cont.php?cont_no=401&g=3&ar=&page=4
岐阜県土岐市泉町定林寺土居200-1,AM9:00〜PM9:00,1月1日のみ,0572-56-2980,ゲンキー定林寺店,509-5102,35.3673088,137.1978771,3,403,http://www.genky.co.jp/shop/cont.php?cont_no=403&g=3&ar=&page=4
岐阜県中津川市田瀬941,AM9:00〜PM9:00,1月1日のみ,0573−67−9030,ゲンキー田瀬店,508-0201,35.6185776,137.4619111,3,407,http://www.genky.co.jp/shop/cont.php?cont_no=407&g=3&ar=&page=4
岐阜県郡上市八幡町初納99-1,AM9:00〜PM9:00,1月1日のみ,0575-67-9384,ゲンキー初納店,501-4203,35.7643868,136.9814238,3,413,http://www.genky.co.jp/shop/cont.php?cont_no=413&g=3&ar=&page=4
岐阜県養老郡養老町大巻1226,AM9:00〜PM9:00,1月1日のみ,0584-84-2520,ゲンキー養老大巻店,503-1275,35.2512551,136.6030745,3,414,http://www.genky.co.jp/shop/cont.php?cont_no=414&g=3&ar=&page=4
岐阜県中津川市落合与坂1019番6,AM9:00〜PM9:00,1月1日のみ,0573-67-7780,ゲンキー落合店,508-0006,35.5116416,137.5260267,3,417,http://www.genky.co.jp/shop/cont.php?cont_no=417&g=3&ar=&page=4
岐阜県関市下之保2183-1,AM9:00〜PM9:00,1月1日のみ,0575-49-3950,ゲンキー武儀店,501-3521,35.5621606,137.0020337,3,420,http://www.genky.co.jp/shop/cont.php?cont_no=420&g=3&ar=&page=4
岐阜県大垣市荒尾玉池二丁目27,AM9:00〜PM9:00,1月1日のみ,0584-84-3180,ゲンキー荒尾玉池店,503-0035,35.3760102,136.574749,3,422,http://www.genky.co.jp/shop/cont.php?cont_no=422&g=3&ar=&page=4
岐阜県郡上市大和町徳永648-1,AM9:00〜PM9:00,1月1日のみ,0575-88-5510,ゲンキー大和徳永店,501-4607,35.8073599,136.9021993,3,423,http://www.genky.co.jp/shop/cont.php?cont_no=423&g=3&ar=&page=4
岐阜県本巣市政田字上市場1504,AM9:00〜PM9:00,1月1日のみ,058-260-5110,ゲンキー真正店,501-0471,35.4288389,136.6470966,3,426,http://www.genky.co.jp/shop/cont.php?cont_no=426&g=3&ar=&page=4
岐阜県山県市岩佐1385番,AM9:00〜PM9:00,1月1日のみ,0581-52-1710,ゲンキー岩佐店,501-2259,35.543419,136.792395,3,428,http://www.genky.co.jp/shop/cont.php?cont_no=428&g=3&ar=&page=4
岐阜県山県市大森302-2,AM9:00〜PM9:00,1月1日のみ,0581-36-0050,ゲンキー伊自良南店,501-2123,35.5232399,136.7339174,3,431,http://www.genky.co.jp/shop/cont.php?cont_no=431&g=3&ar=&page=4
岐阜県羽島市福寿町間島7丁目4番,AM9:00〜PM9:00,1月1日のみ,058-201-7540,ゲンキー間島店,501-6251,35.3309902,136.696418,3,432,http://www.genky.co.jp/shop/cont.php?cont_no=432&g=3&ar=&page=4
岐阜県揖斐郡揖斐川町谷汲名礼244-126,AM9:00〜PM9:00,1月1日のみ,0585-56-3880,ゲンキー谷汲店,501-1314,35.5244902,136.6109247,3,433,http://www.genky.co.jp/shop/cont.php?cont_no=433&g=3&ar=&page=5
岐阜県恵那市明智町839−5,AM9:00〜PM9:00,1月1日のみ,0573-54-2078,ゲンキー明智店,509-7731,35.3020287,137.3876642,3,436,http://www.genky.co.jp/shop/cont.php?cont_no=436&g=3&ar=&page=5
岐阜県加茂郡白川町三川902番,AM9:00〜PM9:00,1月1日のみ,0574-72-2627,ゲンキー加茂白川店,509-1113,35.5683786,137.2231966,3,437,http://www.genky.co.jp/shop/cont.php?cont_no=437&g=3&ar=&page=5
岐阜県恵那市長島町中野1187,AM9:00〜PM9:00,1月1日のみ,0573-59-4680,ゲンキー恵那インター北店,509-7205,35.4590382,137.3899856,3,443,http://www.genky.co.jp/shop/cont.php?cont_no=443&g=3&ar=&page=5
岐阜県可児市今渡682-4,AM9:00〜PM9:00,1月1日のみ,0574-66-7470,ゲンキー今渡店,509-0207,35.4278776,137.0393095,3,444,http://www.genky.co.jp/shop/cont.php?cont_no=444&g=3&ar=&page=5
岐阜県関市洞戸通元寺261,AM9:00〜PM9:00,1月1日のみ,0581-58-2220,ゲンキー洞戸店,501-2802,35.6082803,136.8197169,3,445,http://www.genky.co.jp/shop/cont.php?cont_no=445&g=3&ar=&page=5
岐阜県可児市広見1341番,AM9:00〜PM9:00,1月1日のみ,0574-42-9370,ゲンキー広見伊川店,509-0214,35.417669,137.0695595,3,448,http://www.genky.co.jp/shop/cont.php?cont_no=448&g=3&ar=&page=5
岐阜県各務原市鵜沼各務原町六丁目42-1,AM9:00〜PM9:00,1月1日のみ,058-372-9830,ゲンキーにんじん通り店,509-0141,35.3997401,136.9080752,3,449,http://www.genky.co.jp/shop/cont.php?cont_no=449&g=3&ar=&page=5
岐阜県大垣市浅草三丁目86番1,AM9:00〜PM9:00,1月1日のみ,0584-84-8655,ゲンキー大垣インター南店,503-0947,35.3096356,136.6161853,3,450,http://www.genky.co.jp/shop/cont.php?cont_no=450&g=3&ar=&page=5
岐阜県各務原市鵜沼東町五丁目50番2,AM9:00〜PM9:00,1月1日のみ,058-372-5850,ゲンキー鵜沼東店,509-0126,35.4024547,136.9421639,3,455,http://www.genky.co.jp/shop/cont.php?cont_no=455&g=3&ar=&page=5
岐阜県高山市上岡本町四丁目490番,AM9:00〜PM9:00,1月1日のみ,0577-57-7630,ゲンキー上岡本松倉店,506-0055,36.1403015,137.2413245,3,457,http://www.genky.co.jp/shop/cont.php?cont_no=457&g=3&ar=&page=5
岐阜県高山市岡本町四丁目375番,AM9:00〜PM9:00,1月1日のみ,0577-57-5720,ゲンキー岡本店,506-0054,36.1522036,137.2470765,3,460,http://www.genky.co.jp/shop/cont.php?cont_no=460&g=3&ar=&page=5
岐阜県高山市久々野町久々野字中島2485番,AM9:00〜PM9:00,1月1日のみ,0577-52-2555,ゲンキー久々野店,509-3205,36.052669,137.28159,3,462,http://www.genky.co.jp/shop/cont.php?cont_no=462&g=3&ar=&page=5
岐阜県関市西本郷通6丁目6番47号,AM9:00〜PM9:00,1月1日のみ,0575-29-7800,ゲンキー西本郷店,501-3803,35.4908855,136.9214933,3,464,http://www.genky.co.jp/shop/cont.php?cont_no=464&g=3&ar=&page=5
岐阜県恵那市大井町422番,AM9:00〜PM9:00,1月1日のみ,0573-59-4720,ゲンキー恵那大井店,509-7201,35.465944,137.403056,3,469,http://www.genky.co.jp/shop/cont.php?cont_no=469&g=3&ar=&page=5
岐阜県山県市高富2338番1,AM9:00〜PM9:00,1月1日のみ,0581-32-9570,ゲンキー高富店,501-2105,35.503028,136.786583,3,481,http://www.genky.co.jp/shop/cont.php?cont_no=481&g=3&ar=&page=5
岐阜県可児市菅刈1076番地,AM9:00〜PM9:00,1月1日のみ,0574-66-6380,ゲンキー菅刈店,509-0262,35.406,137.003722,3,482,http://www.genky.co.jp/shop/cont.php?cont_no=482&g=3&ar=&page=5
岐阜県羽島市福寿町平方85番地,AM9:00〜PM9:00,1月1日のみ,0583-22-8630,ゲンキー福寿平方店,501-6257,35.319694,136.678861,3,483,http://www.genky.co.jp/shop/cont.php?cont_no=483&g=3&ar=&page=5
岐阜県瑞穂市牛牧字宮下309-2,AM9:00〜PM9:00,1月1日のみ,058-260-8110,ゲンキー牛牧店,501-0234,35.378861,136.668389,3,488,http://www.genky.co.jp/shop/cont.php?cont_no=488&g=3&ar=&page=5
岐阜県安八郡安八町森部1558番2,AM9:00〜PM9:00,1月1日のみ,0584-84-7220,ゲンキー安八店,503-0114,35.333667,136.675806,3,491,http://www.genky.co.jp/shop/cont.php?cont_no=491&g=3&ar=&page=5
愛知県知多郡東浦町大字森岡字前田55-1,AM9:00〜PM9:00,1月1日のみ,0562-82-3390,ゲンキー東浦店,470-2101,34.992706,136.9686409,4,108,http://www.genky.co.jp/shop/cont.php?cont_no=108&g=4&ar=&page=0
愛知県犬山市大字五郎丸字稲葉組36-1,AM9:00〜PM9:00,1月1日のみ,0568-63-2900,ゲンキー犬山五郎丸店,484-0066,35.3607312,136.9456794,4,135,http://www.genky.co.jp/shop/cont.php?cont_no=135&g=4&ar=&page=0
愛知県名古屋市中川区富船町3丁目1-1,AM9:00〜PM9:00,1月1日のみ,052-365-1470,ゲンキー富船店,454-0823,35.1441543,136.8747826,4,139,http://www.genky.co.jp/shop/cont.php?cont_no=139&g=4&ar=&page=0
愛知県半田市のぞみが丘二丁目210番地,AM9:00〜PM9:00,1月1日のみ,0569-20-0660,ゲンキーのぞみが丘店,475-0019,34.9272349,136.9572237,4,143,http://www.genky.co.jp/shop/cont.php?cont_no=143&g=4&ar=&page=0
愛知県名古屋市中川区玉川町1丁目1番地,AM9:00〜PM9:00,1月1日のみ,052-659-1620,ゲンキー中川玉川店,454-0058,35.123602,136.8781257,4,146,http://www.genky.co.jp/shop/cont.php?cont_no=146&g=4&ar=&page=0
愛知県碧南市塩浜町2丁目34番1,AM9:00〜PM9:00,1月1日のみ,0566-45-2370,ゲンキー碧南店,447-0841,34.869149,136.985524,4,150,http://www.genky.co.jp/shop/cont.php?cont_no=150&g=4&ar=&page=0
愛知県稲沢市西町3-165-1,AM9:00〜PM9:00,1月1日のみ,0587-34-5590,ゲンキー稲沢西店,492-8218,35.2506105,136.7827764,4,179,http://www.genky.co.jp/shop/cont.php?cont_no=179&g=4&ar=&page=0
愛知県刈谷市小垣江町下広6番1,AM9:00〜PM9:00,1月1日のみ,0566-91-3280,ゲンキー小垣江下広店,448-0813,34.967344,137.000885,4,187,http://www.genky.co.jp/shop/cont.php?cont_no=187&g=4&ar=&page=0
愛知県一宮市今伊勢町本神戸字宮山1-2,AM9:00〜PM9:00,1月1日のみ,0586-26-2170,ゲンキー今伊勢店,491-0053,35.3152826,136.79408,4,189,http://www.genky.co.jp/shop/cont.php?cont_no=189&g=4&ar=&page=0
愛知県西尾市徳永町東側34番1,AM9:00〜PM9:00,1月1日のみ,0563-65-5610,ゲンキー徳永店,444-0315,34.8415242,137.0215226,4,197,http://www.genky.co.jp/shop/cont.php?cont_no=197&g=4&ar=&page=0
愛知県高浜市八幡町2丁目3-48,AM9:00〜PM9:00,1月1日のみ,0566-93-3150,ゲンキー吉浜八幡店,444-1302,34.9517932,136.9970627,4,200,http://www.genky.co.jp/shop/cont.php?cont_no=200&g=4&ar=&page=0
愛知県高浜市田戸町4丁目3-10,AM9:00〜PM9:00,1月1日のみ,0566-91-0350,ゲンキー田戸店,444-1323,34.9116484,136.9895397,4,202,http://www.genky.co.jp/shop/cont.php?cont_no=202&g=4&ar=&page=0
愛知県西尾市一色町味浜上長割47-1,AM9:00〜PM9:00,1月1日のみ,0563-79-5530,ゲンキー一色南部店,444-0422,34.8080051,137.0200019,4,303,http://www.genky.co.jp/shop/cont.php?cont_no=303&g=4&ar=&page=0
愛知県半田市成岩東町36番地,AM9:00〜PM9:00,1月1日のみ,0569-89-6530,ゲンキー成岩東町店,475-0845,34.8809042,136.9254569,4,304,http://www.genky.co.jp/shop/cont.php?cont_no=304&g=4&ar=&page=0
愛知県碧南市二本木町2丁目47番地,AM9:00〜PM9:00,1月1日のみ,0566-45-6750,ゲンキー二本木店,447-0029,34.8920975,137.0112735,4,305,http://www.genky.co.jp/shop/cont.php?cont_no=305&g=4&ar=&page=0
愛知県西尾市平坂町空町22番地,AM9:00〜PM9:00,1月1日のみ,0563-79-5160,ゲンキー平坂橋南店,444-0305,34.8607558,137.0140931,4,306,http://www.genky.co.jp/shop/cont.php?cont_no=306&g=4&ar=&page=0
愛知県常滑市熊野町4丁目50番地,AM9:00〜PM9:00,1月1日のみ,0569-89-2750,ゲンキー熊野店,479-0817,34.8613214,136.8579441,4,308,http://www.genky.co.jp/shop/cont.php?cont_no=308&g=4&ar=&page=0
愛知県知多郡南知多町内海字西浜田34番地,AM9:00〜PM9:00,1月1日のみ,0569-47-8130,ゲンキー内海店,470-3321,34.7386005,136.8694755,4,326,http://www.genky.co.jp/shop/cont.php?cont_no=326&g=4&ar=&page=0
愛知県小牧市大字二重堀字中田1036番1,AM9:00〜PM9:00,1月1日のみ,0568-54-1260,ゲンキー二重堀店,485-0021,35.2892696,136.9400049,4,330,http://www.genky.co.jp/shop/cont.php?cont_no=330&g=4&ar=&page=0
愛知県常滑市瀬木町4丁目35番地,AM9:00〜PM9:00,1月1日のみ,0569-47-5370,ゲンキー常滑東店,479-0821,34.889279,136.8501872,4,331,http://www.genky.co.jp/shop/cont.php?cont_no=331&g=4&ar=&page=0
愛知県知多郡阿久比町大字宮津字宮家下28番1,AM9:00〜PM9:00,1月1日のみ,0569-47-5720,ゲンキー蟹田橋店,910-0845,34.9280906,136.9260457,4,332,http://www.genky.co.jp/shop/cont.php?cont_no=332&g=4&ar=&page=1
愛知県一宮市小信中島字新田前13番2,AM9:00〜PM9:00,1月1日のみ,0586-64-6930,ゲンキー小信中島店,494-0007,35.3157412,136.7488687,4,338,http://www.genky.co.jp/shop/cont.php?cont_no=338&g=4&ar=&page=1
愛知県犬山市西北野201番地1,AM9:00〜PM9:00,1月1日のみ,0568−68−9380,ゲンキー西北野店,484-0905,35.3340066,136.9478111,4,341,http://www.genky.co.jp/shop/cont.php?cont_no=341&g=4&ar=&page=1
愛知県西尾市米津町野寺道13番地,AM9:00〜PM9:00,1月1日のみ,0563−65−5930,ゲンキー米津橋東店,445-0802,34.8913713,137.0634552,4,342,http://www.genky.co.jp/shop/cont.php?cont_no=342&g=4&ar=&page=1
愛知県知多郡武豊町冨貴字篭田97番地,AM9:00〜PM9:00,1月1日のみ,0569-47-9490,ゲンキー冨貴店,470-2531,34.8216384,136.9200925,4,348,http://www.genky.co.jp/shop/cont.php?cont_no=348&g=4&ar=&page=1
愛知県東海市荒尾町若宮36番地,AM9:00〜PM9:00,1月1日のみ,052-883-9200,ゲンキー若宮店,476-0003,35.03828,136.9126153,4,349,http://www.genky.co.jp/shop/cont.php?cont_no=349&g=4&ar=&page=1
愛知県一宮市東五城字篭島39番,AM9:00〜PM9:00,1月1日のみ,0586-64-6190,ゲンキー東五城店,494-0008,35.3062834,136.7488616,4,357,http://www.genky.co.jp/shop/cont.php?cont_no=357&g=4&ar=&page=1
愛知県海部郡蟹江町桜2丁目146番,AM9:00〜PM9:00,1月1日のみ,0567-55-8710,ゲンキー蟹江駅前店,497-0038,35.1431188,136.7980576,4,362,http://www.genky.co.jp/shop/cont.php?cont_no=362&g=4&ar=&page=1
愛知県あま市新居屋鶴田125番,AM9:00〜PM9:00,1月1日のみ,052-462-1690,ゲンキー新居屋西店,490-1105,35.1977237,136.8107712,4,369,http://www.genky.co.jp/shop/cont.php?cont_no=369&g=4&ar=&page=1
愛知県蒲郡市西浦町北馬相24-1,AM9:00〜PM9:00,1月1日のみ,0533-56-7240,ゲンキー西浦店,443-0105,34.787519,137.179618,4,376,http://www.genky.co.jp/shop/cont.php?cont_no=376&g=4&ar=&page=1
愛知県一宮市三条郷南西45-1,AM9:00〜PM9:00,1月1日のみ,0586-82-0270,ゲンキー尾西三条店,494-0003,35.3049352,136.7589117,4,378,http://www.genky.co.jp/shop/cont.php?cont_no=378&g=4&ar=&page=1
愛知県西尾市熊味町道万11-1,AM9:00〜PM9:00,1月1日のみ,0563-65-0060,ゲンキー熊味店,445-0071,34.869039,137.0682473,4,380,http://www.genky.co.jp/shop/cont.php?cont_no=380&g=4&ar=&page=1
愛知県西尾市一色町一色番城39-1,AM9:00〜PM9:00,1月1日のみ,0563-65-5210,ゲンキー一色番城店,444-0423,34.814984,137.0335457,4,382,http://www.genky.co.jp/shop/cont.php?cont_no=382&g=4&ar=&page=1
愛知県知多郡阿久比町植大大坪21,AM9:00〜PM9:00,1月1日のみ,0569-84-0590,ゲンキー植大店,470-2216,34.915843,136.9229173,4,383,http://www.genky.co.jp/shop/cont.php?cont_no=383&g=4&ar=&page=1
愛知県西尾市吉良町吉田八ツ田27,AM9:00〜PM9:00,1月1日のみ,0563-65-3110,ゲンキー吉良吉田店,444-0516,34.7947533,137.0674648,4,386,http://www.genky.co.jp/shop/cont.php?cont_no=386&g=4&ar=&page=1
愛知県西尾市西幡豆町山副12-1,AM9:00〜PM9:00,1月1日のみ,0563-65-2680,ゲンキー西幡豆店,444-0703,34.7950272,137.1139442,4,390,http://www.genky.co.jp/shop/cont.php?cont_no=390&g=4&ar=&page=1
愛知県弥富市平島町五反割56−1,AM9:00〜PM9:00,1月1日のみ,0567-97-3420,ゲンキー平島五反割店,498-0031,35.1116544,136.7425665,4,391,http://www.genky.co.jp/shop/cont.php?cont_no=391&g=4&ar=&page=1
愛知県知多市岡田越地2-1,AM9:00〜PM9:00,1月1日のみ,0562-85-6020,ゲンキー知多岡田店,478-0021,34.9645551,136.8684296,4,395,http://www.genky.co.jp/shop/cont.php?cont_no=395&g=4&ar=&page=1
愛知県岡崎市真伝町寒風15-8,AM9:00〜PM9:00,1月1日のみ,0564-46-1500,ゲンキー真伝町店,444-3174,34.9796669,137.1854955,4,396,http://www.genky.co.jp/shop/cont.php?cont_no=396&g=4&ar=&page=1
愛知県岡崎市福岡町岩ケ崎22-2,AM9:00〜PM9:00,1月1日のみ,0564-73-0390,ゲンキー福岡町店,444-0825,34.9085544,137.1524456,4,399,http://www.genky.co.jp/shop/cont.php?cont_no=399&g=4&ar=&page=1
愛知県蒲郡市拾石町縄手添17,AM9:00〜PM9:00,1月1日のみ,0533-56-8750,ゲンキー拾石店,443-0038,34.8231425,137.2004368,4,400,http://www.genky.co.jp/shop/cont.php?cont_no=400&g=4&ar=&page=2
愛知県春日井市東野町西3丁目11-1,AM9:00〜PM9:00,1月1日のみ,0568-82-1500,ゲンキー東野店,486-0817,35.2702658,136.9817897,4,406,http://www.genky.co.jp/shop/cont.php?cont_no=406&g=4&ar=&page=2
愛知県知多郡美浜町古布屋敷73-8,AM9:00〜PM9:00,1月1日のみ,0569-84-0340,ゲンキー古布店,470-2413,34.7587416,136.9221631,4,408,http://www.genky.co.jp/shop/cont.php?cont_no=408&g=4&ar=&page=2
愛知県津島市一本木町18,AM9:00〜PM9:00,1月1日のみ,0567-97-3670,ゲンキー一本木店,496-0873,35.1804753,136.715536,4,412,http://www.genky.co.jp/shop/cont.php?cont_no=412&g=4&ar=&page=2
愛知県一宮市浅野前林24-3,AM9:00〜PM9:00,1月1日のみ,0586-85-9290,ゲンキー浅野前林店,491-0871,35.2946986,136.8300256,4,416,http://www.genky.co.jp/shop/cont.php?cont_no=416&g=4&ar=&page=2
愛知県愛知県蒲郡市形原町南新田37-1,AM9:00〜PM9:00,1月1日のみ,0533-65-7680,ゲンキー形原店,443-0104,34.8068928,137.1895305,4,419,http://www.genky.co.jp/shop/cont.php?cont_no=419&g=4&ar=&page=2
愛知県稲沢市祖父江町中牧外川219番,AM9:00〜PM9:00,1月1日のみ,0587-96-9720,ゲンキー祖父江四貫店,495-0032,35.2534954,136.7087341,4,424,http://www.genky.co.jp/shop/cont.php?cont_no=424&g=4&ar=&page=2
愛知県豊田市鴻ノ巣4丁目34-1,AM9:00〜PM9:00,1月1日のみ,0565-41-3080,ゲンキー鴻ノ巣店,471-0836,35.0636375,137.1334116,4,425,http://www.genky.co.jp/shop/cont.php?cont_no=425&g=4&ar=&page=2
愛知県岡崎市中島町上町32-1,AM9:00〜PM9:00,1月1日のみ,0564-47-7680,ゲンキー中島上町店,444-0226,34.8856417,137.1220315,4,435,http://www.genky.co.jp/shop/cont.php?cont_no=435&g=4&ar=&page=2
愛知県蒲郡市平田町下長根43-1,AM9:00〜PM9:00,1月1日のみ,0533-95-3850,ゲンキー平田長根店,443-0004,34.8284312,137.2426849,4,438,http://www.genky.co.jp/shop/cont.php?cont_no=438&g=4&ar=&page=2
愛知県蒲郡市大塚町南向山75-2,AM9:00〜PM9:00,1月1日のみ,0533-56-9170,ゲンキー大塚店,443-0013,34.8152749,137.2909155,4,439,http://www.genky.co.jp/shop/cont.php?cont_no=439&g=4&ar=&page=2
愛知県津島市愛宕町七丁目113番,AM9:00〜PM9:00,1月1日のみ,0567-69-4350,ゲンキー愛宕店,496-0036,35.1651904,136.7376785,4,440,http://www.genky.co.jp/shop/cont.php?cont_no=440&g=4&ar=&page=2
愛知県碧南市平七町三丁目83番,AM9:00〜PM9:00,1月1日のみ,0566-93-8530,ゲンキー平七町店,447-0884,34.8733145,136.9952947,4,442,http://www.genky.co.jp/shop/cont.php?cont_no=442&g=4&ar=&page=2
愛知県江南市高屋町御日塚114番1,AM9:00〜PM9:00,1月1日のみ,0587-50-7480,ゲンキー高屋店,483-8084,35.3531893,136.8789538,4,446,http://www.genky.co.jp/shop/cont.php?cont_no=446&g=4&ar=&page=2
愛知県小牧市小牧1丁目243番1,AM9:00〜PM9:00,1月1日のみ,0568-48-1930,ゲンキー小牧市民会館前店,485-0041,35.293339,136.9222168,4,453,http://www.genky.co.jp/shop/cont.php?cont_no=453&g=4&ar=&page=2
愛知県豊川市八幡町東赤土39-1,AM9:00〜PM9:00,1月1日のみ,0533-95-1670,ゲンキー東赤土店,442-0857,34.8406874,137.341834,4,456,http://www.genky.co.jp/shop/cont.php?cont_no=456&g=4&ar=&page=2
愛知県高浜市沢渡町四丁目1番9,AM9:00〜PM9:00,1月1日のみ,0566-93-8808,ゲンキー沢渡店,444-1333,34.9291641,136.9925245,4,458,http://www.genky.co.jp/shop/cont.php?cont_no=458&g=4&ar=&page=2
愛知県碧南市金山町四丁目28番,AM9:00〜PM9:00,1月1日のみ,0566-93-1570,ゲンキー碧南金山店,447-0085,34.9021935,137.0019983,4,461,http://www.genky.co.jp/shop/cont.php?cont_no=461&g=4&ar=&page=2
愛知県一宮市丹陽町九日市場字円之内619番,AM9:00〜PM9:00,1月1日のみ,0586-82-2680,ゲンキー一宮丹陽店,491-0824,35.2730644,136.833447,4,463,http://www.genky.co.jp/shop/cont.php?cont_no=463&g=4&ar=&page=2
愛知県知多郡美浜町大字奥田字石畑328番1,AM9:00〜PM9:00,1月1日のみ,0569-84-7480,ゲンキー奥田店,470-3233,34.7910878,136.8594095,4,465,http://www.genky.co.jp/shop/cont.php?cont_no=465&g=4&ar=&page=2
愛知県田原市古田町エゲノ前181番地,AM9:00〜PM9:00,1月1日のみ,0531-27-7650,ゲンキー福江店,441-3613,34.626374,137.1068413,4,468,http://www.genky.co.jp/shop/cont.php?cont_no=468&g=4&ar=&page=3
愛知県一宮市佐千原字南切野4番4,AM9:00〜PM9:00,1月1日のみ,0586-82-5720,ゲンキー佐千原店,491-0124,35.324139,136.812972,4,472,http://www.genky.co.jp/shop/cont.php?cont_no=472&g=4&ar=&page=3
愛知県一宮市大和町妙興寺字坊ヶ池22番1,AM9:00〜PM9:00,1月1日のみ,0586-82-6260,ゲンキー妙興寺店,491-0922,35.281944,136.805917,4,473,http://www.genky.co.jp/shop/cont.php?cont_no=473&g=4&ar=&page=3
愛知県田原市赤羽根町大辻49番,AM9:00〜PM9:00,1月1日のみ,0531-45-3500,ゲンキー赤羽根店,441-3502,34.614444,137.201556,4,484,http://www.genky.co.jp/shop/cont.php?cont_no=484&g=4&ar=&page=3
愛知県犬山市大字上野弥左畑303番,AM9:00〜PM9:00,1月1日のみ,0568-68-9130,ゲンキー犬山上野店,484-0077,35.372833,136.931444,4,485,http://www.genky.co.jp/shop/cont.php?cont_no=485&g=4&ar=&page=3
愛知県知立市谷田町西長根35番3,AM9:00〜PM9:00,1月1日のみ,0566-95-3180,ゲンキー知立谷田店,472-0013,34.982056,137.055222,4,489,http://www.genky.co.jp/shop/cont.php?cont_no=489&g=4&ar=&page=3
愛知県碧南市道場山町五丁目18番1,AM9:00〜PM9:00,1月1日のみ,0566-91-1580,ゲンキー福清水店,447-0864,34.893139,136.991806,4,490,http://www.genky.co.jp/shop/cont.php?cont_no=490&g=4&ar=&page=3
愛知県一宮市木曽川町黒田九ノ通り164番,AM9:00〜PM9:00,1月1日のみ,0586-82-7870,ゲンキー木曽川インター西店,493-0001,35.343444,136.793389,4,492,http://www.genky.co.jp/shop/cont.php?cont_no=492&g=4&ar=&page=3
愛知県新城市字町並176番,AM9:00〜PM9:00,1月1日のみ,0536-22-9870,ゲンキー町並本町店,441-1374,34.902278,137.499694,4,493,http://www.genky.co.jp/shop/cont.php?cont_no=493&g=4&ar=&page=3
愛知県新城市長篠今銭前16番,AM9:00〜PM9:00,1月1日のみ,0536-32-3911,ゲンキー鳳来長篠店,441-1634,34.926444,137.563194,4,494,http://www.genky.co.jp/shop/cont.php?cont_no=494&g=4&ar=&page=3
愛知県名古屋市港区錦町605番,AM9:00〜PM9:00,1月1日のみ,052-398-5740,ゲンキー稲永錦町店,455-0843,35.087917,136.860778,4,495,http://www.genky.co.jp/shop/cont.php?cont_no=495&g=4&ar=&page=3